aircraft_id,make,model,variant,name,iata,icao,multipilot,multiengine,engineType,weightClass
0,,,,,,,,,,
1,Airbus,A300,600,,AB6,A306,1,1,3,2
2,Airbus,A300,600ST,Beluga,ABB,A3ST,1,1,3,2
3,Airbus,A310,200,,310,A310,1,1,3,2
4,Airbus,A310,300,,310,A310,1,1,3,2
5,Airbus,A310,MRTT,,,,1,1,3,2
6,Airbus,A318,100,,,,1,1,3,1
7,Airbus,A319,100,,,,1,1,3,1
8,Airbus,A319,NEO,,,,1,1,3,1
9,Airbus,A320,100,,,,1,1,3,1
10,Airbus,A320,200,,,,1,1,3,1
11,Airbus,A320,NEO,,,,1,1,3,1
12,Airbus,A321,100,,,,1,1,3,1
13,Airbus,A321,200,,,,1,1,3,1
14,Airbus,A321,NEO,,,,1,1,3,1
15,Airbus,A321,LR,,,,1,1,3,1
16,Airbus,A321,XLR,,,,1,1,3,1
17,Airbus,A330,200,,,,1,1,3,2
18,Airbus,A330,300,,,,1,1,3,2
19,Airbus,A330,800,NEO,,,1,1,3,2
20,Airbus,A330,900,NEO,,,1,1,3,2
21,Airbus,A330,743L,Beluga XL,,,1,1,3,2
22,Airbus,A330,MRTT,,,,1,1,3,2
23,Airbus,A340,200,,,,1,1,3,2
24,Airbus,A340,300,,,,1,1,3,2
25,Airbus,A340,500,,,,1,1,3,2
26,Airbus,A340,600,,,,1,1,3,2
27,Airbus,A350,900,,,,1,1,3,2
28,Airbus,A350,1000,,,,1,1,3,2
29,Airbus,A380,800,Superjumbo,,,1,1,3,3
30,Airbus,A220,100,,221,BCS1,1,1,3,1
31,Airbus,A220,300,,223,BCS3,1,1,3,1
32,Airbus,,,,,,,,,
33,Airbus,,,,,,,,,
34,Airbus,,,,,,,,,
35,Airbus,,,,,,,,,
36,Airbus,,,,,,,,,
37,Airbus,,,,,,,,,
38,Airbus,,,,,,,,,
39,Airbus,,,,,,,,,
40,Airbus,,,,,,,,,
41,Airbus,,,,,,,,,
42,Airbus,,,,,,,,,
43,Airbus,,,,,,,,,
44,Airbus,,,,,,,,,
45,Airbus,,,,,,,,,
46,Airbus,,,,,,,,,
47,Airbus,,,,,,,,,
48,Airbus,,,,,,,,,
49,Airbus,,,,,,,,,
50,Airbus,,,,,,,,,
51,Airbus,,,,,,,,,
52,Boeing,707,,,703,B703,1,1,3,
53,Boeing,717,200,,717,B712,1,1,3,
54,Boeing,720,,,B72,B720,1,1,3,
55,Boeing,727,100,,721,B721,1,1,3,1
56,Boeing,727,200,,722,B722,1,1,3,1
57,Boeing,737,100,,731,B731,1,1,3,1
58,Boeing,737,200,,732,B732,1,1,3,1
59,Boeing,737,300,,733,B733,1,1,3,1
60,Boeing,737,400,,734,B734,1,1,3,1
61,Boeing,737,500,,735,B735,1,1,3,1
62,Boeing,737,600,,736,B736,1,1,3,1
63,Boeing,737,700,,737,B737,1,1,3,1
64,Boeing,737,700ER,,73G,B737,1,1,3,1
65,Boeing,737,800,,738,B738,1,1,3,1
66,Boeing,737,900,,739,B739,1,1,3,1
67,Boeing,737,900ER,,739,B739,1,1,3,1
68,Boeing,737,7,MAX 7,7M7,B37M,1,1,3,1
69,Boeing,737,8,MAX 8,7M8,B38M,1,1,3,1
70,Boeing,737,200,MAX 200,,,1,1,3,1
71,Boeing,737,9,MAX 9,7M9,B39M,1,1,3,1
72,Boeing,737,10,MAX10,7MJ,B3XM,1,1,3,1
73,Boeing,747,100,,741,B741,1,1,3,2
74,Boeing,747,200,,742,B742,1,1,3,2
75,Boeing,747,SP,,74L,B74S,1,1,3,2
76,Boeing,747,300,,743,B743,1,1,3,2
77,Boeing,747,400,,744,B744,1,1,3,2
78,Boeing,747,8,Intercontinental,74H,B748,1,1,3,2
79,Boeing,747,8,Freighter,74N,B748,1,1,3,2
80,Boeing,757,200,,752,B752,1,1,3,1
81,Boeing,757,300,,763,B753,1,1,3,1
82,Boeing,767,200,,762,B762,1,1,3,2
83,Boeing,767,200ER,,762,B762,1,1,3,2
84,Boeing,767,300,,763,B763,1,1,3,2
85,Boeing,767,300ER,,763,B763,1,1,3,2
86,Boeing,767,400ER,,764,B764,1,1,3,2
87,Boeing,777,200,,772,B772,1,1,3,2
88,Boeing,777,200ER,,772,B772,1,1,3,2
89,Boeing,777,300,,773,B773,1,1,3,2
90,Boeing,777,8,,778,B778,1,1,3,2
91,Boeing,777,9,,779,B779,1,1,3,2
92,Boeing,777,10X,,,,1,1,3,2
93,Boeing,787,8,,788,B788,1,1,3,2
94,Boeing,787,9,,789,B789,1,1,3,2
95,Boeing,787,10,,781,B78X,1,1,3,2
96,,,,,,,,,,
97,,,,,,,,,,
98,,,,,,,,,,
99,,,,,,,,,,
100,,,,,,,,,,
101,,,,,,,,,,
102,,,,,,,,,,
103,,,,,,,,,,
104,,,,,,,,,,
105,,,,,,,,,,
106,,,,,,,,,,
107,,,,,,,,,,
108,Boeing,,,,,,,,,
109,Boeing,,,,,,,,,
110,Boeing,,,,,,,,,
111,Boeing,,,,,,,,,
112,Boeing,,,,,,,,,
113,Boeing,,,,,,,,,
114,Boeing,,,,,,,,,
115,Boeing,,,,,,,,,
116,Boeing,,,,,,,,,
117,Boeing,,,,,,,,,
118,Boeing,,,,,,,,,
119,Boeing,,,,,,,,,
120,Boeing,,,,,,,,,
121,Boeing,,,,,,,,,
122,Boeing,,,,,,,,,
123,Boeing,,,,,,,,,
124,Boeing,,,,,,,,,
125,Boeing,,,,,,,,,
126,Boeing,,,,,,,,,
127,Boeing,,,,,,,,,
128,Boeing,,,,,,,,,
129,Boeing,,,,,,,,,
130,Boeing,,,,,,,,,
131,Boeing,,,,,,,,,
132,Boeing,,,,,,,,,
133,Embraer,170,,,E70,E170,1,1,,
134,Embraer,175,,,E75,\N,1,1,,
135,Embraer,175,,Long Wing,E7W,E75L,1,1,,
136,Embraer,175,,Short Wing,E7W,E75S,1,1,,
137,Embraer,190,,,E90,E190,1,1,,
138,Embraer,195,,,E95,E195,1,1,,
139,Embraer,E190,E2,,290,E290,1,1,,
140,Embraer,E195,E2,,295,E295,1,1,,
141,Embraer,EMB,110,Bandeirante,EMB,E110,1,1,,
142,Embraer,EMB,120,Brasilia,EM2,E120,1,1,,
143,Embraer,Legacy,450,,\N,E545,,,,
144,Embraer,Legacy,600,,ER3,E35L,,,,
145,Embraer,Phenom,100,,EP1,E50P,,,,
146,Embraer,Phenom,300,,EP3,E55P,,,,
147,Embraer,RJ135,,,ER3,E135,,,,
148,Embraer,RJ140,,,ERD,E135,,,,
149,Embraer,RJ145,,,ER4,E145,,,,
150,Fairchild Dornier,328JET,,,FRJ,J328,,,,
151,Fairchild Dornier,Do.228,,,D28,D228,,,,
152,Fairchild Dornier,Do.328,,,D38,D328,,,,
153,Fokker,100,100,F100,,,,,,
154,Fokker,50,F50,F50,,,,,,
155,Fokker,70,F70,F70,,,,,,
156,Fokker,F27,Friendship,F27,F27,,,,,
157,Fokker,F28,Fellowship,F21,F28,,,,,
158,Gulfstream,G280,,,GR3,G280,,,,
159,Gulfstream,G650,,,GJ6,GLF6,,,,
160,Gulfstream,IV,,,GJ4,GLF4,,,,
161,Gulfstream,V,,,GJ5,GLF5,,,,
162,Ilyushin,IL114,,,I14,I114,,,,
163,Ilyushin,IL18,,,IL8,IL18,,,,
164,Ilyushin,IL62,,,IL6,IL62,,,,
165,Ilyushin,IL76,,,IL7,IL76,,,,
166,Ilyushin,IL86,,,ILW,IL86,,,,
167,Ilyushin,IL96,,,I93,IL96,,,,
168,Learjet,35,,,LRJ,LJ35,,,,
169,Learjet,60,,,LRJ,LJ60,,,,
170,Lockheed,L-1011,,Tristar,L10,L101,,,,
171,Lockheed,L-1049,,Super Constellation,L49,CONI,,,,
172,Lockheed,L-182,,Hercules,LOH,C130,,,,
173,Lockheed,L-188,,Electra,LOE,L188,,,,
174,McDonnell Douglas,MD-11,,,M11,MD11,,,,
175,McDonnell Douglas,MD-81,,,M81,MD81,,,,
176,McDonnell Douglas,MD-82,,,M82,MD82,,,,
177,McDonnell Douglas,MD-83,,,M83,MD83,,,,
178,McDonnell Douglas,MD-87,,,M87,MD87,,,,
179,McDonnell Douglas,MD-88,,,M88,MD88,,,,
180,McDonnell Douglas,MD-90,,,M90,MD90,,,,
181,Pilatus,BN-2A Mk III,Trislander,,BNT,TRIS,,,,
182,Pilatus Britten-Norman BN-2A/B Islander,BN-2A/B,Islander,,BNI,BN2P,,,,
183,Pilatus,PC-12,,,PL2,PC12,,,,
184,Pilatus,PC-6,Turbo Porter,,PL6,PC6T,,,,
185,Piper,PA-28,above 200hp,,,P28B,0,0,1,0
186,Piper,PA-28,up to 180hp,,,P28A,0,0,1,0
187,Piper,PA-31,Navajo,,PA2,PA31,0,1,1,0
188,Piper,PA-44,Seminole,,,PA44,0,1,1,0
189,Piper,PA-46,,,PAG,PA46,0,1,1,0
190,Saab,2000,,,S20,SB20,1,1,2,1
191,Saab,340,,,SF3,SF34,1,1,2,1
192,Sikorsky,S-58T,,,S58,S58T,,,,
193,Sikorsky,S-61,,,S61,S61,,,,
194,Sikorsky,S-76,,,S76,S76,,,,
195,Sikorsky,S-92,,,S92,S92,,,,
196,Sukhoi,SSJ100,95,,SU9,SU95,,,,
197,Tupolev,Tu-134,,,TU3,T134,,,,
198,Tupolev,Tu-144,,,\N,T144,,,,
199,Tupolev,Tu-154,,,TU5,T154,,,,
200,Tupolev,Tu-204,,,T20,T204,,,,
201,Yakovlev,Yak-40,,,YK4,YK40,,,,
202,Yakovlev,Yak-42,,,YK2,YK42,,,,
203,ATR,42,200,,,,1,1,2,1
204,ATR,42,300,,AT4,AT43,1,1,2,1
205,ATR,42,320,,AT4,AT43,1,1,2,1
206,ATR,42,400,,AT4,AT42,1,1,2,1
207,ATR,42,500,,AT5,AT45,1,1,2,1
208,ATR,42,600,,ATR,AT46,1,1,2,1
209,ATR,72,100,,AT7,AT72,1,1,2,1
210,ATR,72,200,,ATR,AT73,1,1,2,1
211,ATR,72,210,,ATR,AT73,1,1,2,1
212,ATR,72,212,,ATR,AT73,1,1,2,1
213,ATR,72,500,,ATR,AT75,1,1,2,1
214,ATR,72,600,,ATR,AT76,1,1,2,1
215,Avro ,RJ,100,,AR1,RJ1H,,,,
216,Avro,RJ,70,,AR7,RJ70,,,,
217,Avro ,RJ,85,,AR8,RJ85,,,,
218,BAe,146,100,,141,B461,,,,
219,BAe,146,200,,142,B462,,,,
220,BAe,146,300,,143,B463,,,,
221,Bombardier,Challenger,300,,\N,CL30,,,,
222,Bombardier,Challenger,600,,CCJ,CL60,,,,
223,Bombardier,Global,5000,,CCX,GL5T,,,,
224,Bombardier,Global Express,,,CCX,GLEX,,,,
225,Bombardier,CRJ,100,,CR1,CRJ1,,,,
226,Cessna,152,,,C152,,0,0,1,0
227,Cessna,172,Skyhawk,,C172,,0,0,1,0
228,Cessna,182,Skylane,,CN1,C182,0,0,1,0
229,Cessna,208,Caravan,,CN1,C208,0,0,2,0
230,Cessna,210,Centurion,,CN1,C210,0,0,1,0
231,Cessna,Citation,CJ3,,CNJ,C25B,,,,
232,Cessna,Citation,CJ4,,CNJ,C25C,,,,
233,Cessna,Citation,Excel,,CNJ,C56X,,,,
234,Cessna,Citation,I,,CNJ,C500,,1,3,0
235,Cessna,Citation,II,,CNJ,C550,1,1,3,1
236,Cessna,Citation,Mustang,,CNJ,C510,,1,3,0
237,Cessna,Citation,Sovereign,,CNJ,C680,1,1,3,1
238,Cessna,Citation,X,,CNJ,C750,1,1,3,1
239,Concorde,Concorde,,,SSC,CONC,,,,
240,Dassault,Falcon,2000,,D20,F2TH,,,,
241,Dassault,Falcon,50,,DF3,FA50,,,,
242,Dassault,Falcon,7X,,DF7,FA7X,,,,
243,Dassault,Falcon,900,,DF9,F900,,,,
244,De Havilland Canada,DHC-2,,Beaver,DHP,DHC2,,,,
245,De Havilland Canada,DHC-2,,Turbo-Beaver,DHR,DH2T,,,,
246,De Havilland Canada,DHC-3,,Otter,DHL,DHC3,,,,
247,De Havilland Canada,DHC-4,,Caribou,DHC,DHC4,,,,
248,De Havilland Canada,DHC-6,,Twin Otter,DHT,DHC6,,,,
249,De Havilland Canada,DHC-7,,Dash 7,DH7,DHC7,,,,
250,De Havilland Canada,DHC-8,100,Dash 8,DH1,DH8A,1,1,2,1
251,De Havilland Canada,DHC-8,200,Dash 8,DH2,DH8B,1,1,2,1
252,De Havilland Canada,DHC-8,300,Dash 8,DH3,DH8C,1,1,2,1
253,De Havilland Canada,DHC-8,400,Dash 8,DH4,DH8D,1,1,2,1
254,De Havilland,DH,104,Dove,DHD,DOVE,,,,
255,De Havilland,DH,114,Heron],DHH,HERN,,,,
256,Douglas,DC-10,,,D10,DC10,,,,
257,Douglas,DC-3,,,D3F,DC3,,,,
258,Douglas,DC-6,,,D6F,DC6,,,,
259,Douglas,DC-8,50,,D8T,DC85,,,,
260,Douglas,DC-8,62,,D8L,DC86,,,,
261,Douglas,DC-8,72,,D8Q,DC87,,,,
262,Douglas,DC-9,10,,D91,DC91,,,,
263,Douglas,DC-9,20,,D92,DC92,,,,
264,Douglas,DC-9,30,,D93,DC93,,,,
265,Douglas,DC-9,40,,D94,DC94,,,,
266,Douglas,DC-9,50,,D95,DC95,,,,
267,Diamond,DA-20,,Katana,,DV20,0,,1,0
268,Diamond,DV-20,,Katana,,DV20,0,,1,0
269,Diamond,DA-40,,Diamon Star,,DA40,0,,1,0
270,Diamond,DA-42,,Twin Star,,DA42,0,0,1,0
271,Diamond,DA-50,,Super Star,,DA50,0,,1,0
273,Diamond,DART,450,,,,,,2,0
