aircraft_id,make,model,variant,name,iata,icao,singlepilot,multipilot,singleengine,multiengine,turboprop,jet,heavy
1,!M!,!M!,,,,,,,,,,,
2,!M!,!M!,,,,,,,,,,,
3,!M!,!M!,,,,,,,,,,,
4,!M!,!M!,,,,,,,,,,,
5,!M!,!M!,,,,,,,,,,,
6,!M!,!M!,,,,,,,,,,,
7,!M!,!M!,,,,,,,,,,,
8,!M!,!M!,,,,,,,,,,,
9,!M!,!M!,,,,,,,,,,,
10,!M!,!M!,,,,,,,,,,,
11,!M!,!M!,,,,,,,,,,,
12,!M!,!M!,,,,,,,,,,,
13,!M!,!M!,,,,,,,,,,,
14,!M!,!M!,,,,,,,,,,,
15,!M!,!M!,,,,,,,,,,,
16,!M!,!M!,,,,,,,,,,,
17,!M!,!M!,,,,,,,,,,,
18,!M!,!M!,,,,,,,,,,,
19,!M!,!M!,,,,,,,,,,,
20,!M!,!M!,,,,,,,,,,,
21,!M!,!M!,,,,,,,,,,,
22,!M!,!M!,,,,,,,,,,,
23,!M!,!M!,,,,,,,,,,,
24,!M!,!M!,,,,,,,,,,,
25,!M!,!M!,,,,,,,,,,,
26,!M!,!M!,,,,,,,,,,,
27,!M!,!M!,,,,,,,,,,,
28,!M!,!M!,,,,,,,,,,,
29,!M!,!M!,,,,,,,,,,,
30,!M!,!M!,,,,,,,,,,,
31,!M!,!M!,,,,,,,,,,,
32,!M!,!M!,,,,,,,,,,,
33,!M!,!M!,,,,,,,,,,,
34,!M!,!M!,,,,,,,,,,,
35,!M!,!M!,,,,,,,,,,,
36,!M!,!M!,,,,,,,,,,,
37,!M!,!M!,,,,,,,,,,,
38,!M!,!M!,,,,,,,,,,,
39,!M!,!M!,,,,,,,,,,,
40,!M!,!M!,,,,,,,,,,,
41,!M!,!M!,,,,,,,,,,,
42,!M!,!M!,,,,,,,,,,,
43,!M!,!M!,,,,,,,,,,,
44,!M!,!M!,,,,,,,,,,,
45,!M!,!M!,,,,,,,,,,,
46,!M!,!M!,,,,,,,,,,,
47,!M!,!M!,,,,,,,,,,,
48,!M!,!M!,,,,,,,,,,,
49,!M!,!M!,,,,,,,,,,,
50,!M!,!M!,,,,,,,,,,,
51,!M!,!M!,,,,,,,,,,,
52,!M!,!M!,,,,,,,,,,,
53,!M!,!M!,,,,,,,,,,,
54,!M!,!M!,,,,,,,,,,,
55,!M!,!M!,,,,,,,,,,,
56,!M!,!M!,,,,,,,,,,,
57,!M!,!M!,,,,,,,,,,,
58,!M!,!M!,,,,,,,,,,,
59,!M!,!M!,,,,,,,,,,,
60,!M!,!M!,,,,,,,,,,,
61,!M!,!M!,,,,,,,,,,,
62,!M!,!M!,,,,,,,,,,,
63,!M!,!M!,,,,,,,,,,,
64,!M!,!M!,,,,,,,,,,,
65,!M!,!M!,,,,,,,,,,,
66,!M!,!M!,,,,,,,,,,,
67,!M!,!M!,,,,,,,,,,,
68,!M!,!M!,,,,,,,,,,,
69,!M!,!M!,,,,,,,,,,,
70,!M!,!M!,,,,,,,,,,,
71,!M!,!M!,,,,,,,,,,,
72,!M!,!M!,,,,,,,,,,,
73,!M!,!M!,,,,,,,,,,,
74,!M!,!M!,,,,,,,,,,,
75,!M!,!M!,,,,,,,,,,,
76,!M!,!M!,,,,,,,,,,,
77,!M!,!M!,,,,,,,,,,,
78,!M!,!M!,,,,,,,,,,,
79,!M!,!M!,,,,,,,,,,,
80,!M!,!M!,,,,,,,,,,,
81,!M!,!M!,,,,,,,,,,,
82,!M!,!M!,,,,,,,,,,,
83,!M!,!M!,,,,,,,,,,,
84,!M!,!M!,,,,,,,,,,,
85,!M!,!M!,,,,,,,,,,,
86,!M!,!M!,,,,,,,,,,,
87,!M!,!M!,,,,,,,,,,,
88,!M!,!M!,,,,,,,,,,,
89,!M!,!M!,,,,,,,,,,,
90,!M!,!M!,,,,,,,,,,,
91,!M!,!M!,,,,,,,,,,,
92,!M!,!M!,,,,,,,,,,,
93,!M!,!M!,,,,,,,,,,,
94,!M!,!M!,,,,,,,,,,,
95,!M!,!M!,,,,,,,,,,,
96,!M!,!M!,,,,,,,,,,,
97,!M!,!M!,,,,,,,,,,,
98,!M!,!M!,,,,,,,,,,,
99,!M!,!M!,,,,,,,,,,,
100,Airbus,A300,600,,AB6,A306,,1,,1,,1,1
101,Airbus,A300,600ST,Beluga,ABB,A3ST,,1,,1,,1,1
102,Airbus,A310,200,,310,A310,,1,,1,,1,1
103,Airbus,A310,300,,310,A310,,1,,1,,1,1
104,Airbus,A310,MRTT,,,,,1,,1,,1,1
105,Airbus,A318,100,,,,,1,,1,,1,0
106,Airbus,A319,100,,,,,1,,1,,1,0
107,Airbus,A319,NEO,,,,,1,,1,,1,0
108,Airbus,A320,100,,,,,1,,1,,1,0
109,Airbus,A320,200,,,,,1,,1,,1,0
110,Airbus,A320,NEO,,,,,1,,1,,1,0
111,Airbus,A321,100,,,,,1,,1,,1,0
112,Airbus,A321,200,,,,,1,,1,,1,0
113,Airbus,A321,NEO,,,,,1,,1,,1,0
114,Airbus,A321,LR,,,,,1,,1,,1,0
115,Airbus,A321,XLR,,,,,1,,1,,1,0
116,Airbus,A330,200,,,,,1,,1,,1,1
117,Airbus,A330,300,,,,,1,,1,,1,1
118,Airbus,A330,800,NEO,,,,1,,1,,1,1
119,Airbus,A330,900,NEO,,,,1,,1,,1,1
120,Airbus,A330,743L,Beluga XL,,,,1,,1,,1,1
121,Airbus,A330,MRTT,,,,,1,,1,,1,1
122,Airbus,A340,200,,,,,1,,1,,1,1
123,Airbus,A340,300,,,,,1,,1,,1,1
124,Airbus,A340,500,,,,,1,,1,,1,1
125,Airbus,A340,600,,,,,1,,1,,1,1
126,Airbus,A350,900,,,,,1,,1,,1,1
127,Airbus,A350,1000,,,,,1,,1,,1,1
128,Airbus,A380,800,Superjumbo,,,,1,,1,,1,1
129,Airbus,A220,100,,221,BCS1,,1,,1,,1,0
130,Airbus,A220,300,,223,BCS3,,1,,1,,1,0
131,Airbus,!A!,,,,,,,,,,,
132,Airbus,!A!,,,,,,,,,,,
133,Airbus,!A!,,,,,,,,,,,
134,Airbus,!A!,,,,,,,,,,,
135,Airbus,!A!,,,,,,,,,,,
136,Airbus,!A!,,,,,,,,,,,
137,Airbus,!A!,,,,,,,,,,,
138,Airbus,!A!,,,,,,,,,,,
139,Airbus,!A!,,,,,,,,,,,
140,Airbus,!A!,,,,,,,,,,,
141,Airbus,!A!,,,,,,,,,,,
142,Airbus,!A!,,,,,,,,,,,
143,Airbus,!A!,,,,,,,,,,,
144,Airbus,!A!,,,,,,,,,,,
145,Airbus,!A!,,,,,,,,,,,
146,Airbus,!A!,,,,,,,,,,,
147,Airbus,!A!,,,,,,,,,,,
148,Airbus,!A!,,,,,,,,,,,
149,Airbus,!A!,,,,,,,,,,,
150,Airbus,!A!,,,,,,,,,,,
151,Airbus,!A!,,,,,,,,,,,
152,Airbus,!A!,,,,,,,,,,,
153,Airbus,!A!,,,,,,,,,,,
154,Airbus,!A!,,,,,,,,,,,
155,Airbus,!A!,,,,,,,,,,,
156,Airbus,!A!,,,,,,,,,,,
157,Airbus,!A!,,,,,,,,,,,
158,Airbus,!A!,,,,,,,,,,,
159,Airbus,!A!,,,,,,,,,,,
160,Airbus,!A!,,,,,,,,,,,
161,Airbus,!A!,,,,,,,,,,,
162,Airbus,!A!,,,,,,,,,,,
163,Airbus,!A!,,,,,,,,,,,
164,Airbus,!A!,,,,,,,,,,,
165,Airbus,!A!,,,,,,,,,,,
166,Airbus,!A!,,,,,,,,,,,
167,Airbus,!A!,,,,,,,,,,,
168,Airbus,!A!,,,,,,,,,,,
169,Airbus,!A!,,,,,,,,,,,
170,Airbus,!A!,,,,,,,,,,,
171,Airbus,!A!,,,,,,,,,,,
172,Airbus,!A!,,,,,,,,,,,
173,Airbus,!A!,,,,,,,,,,,
174,Airbus,!A!,,,,,,,,,,,
175,Airbus,!A!,,,,,,,,,,,
176,Airbus,!A!,,,,,,,,,,,
177,Airbus,!A!,,,,,,,,,,,
178,Airbus,!A!,,,,,,,,,,,
179,Airbus,!A!,,,,,,,,,,,
180,Airbus,!A!,,,,,,,,,,,
181,Airbus,!A!,,,,,,,,,,,
182,Airbus,!A!,,,,,,,,,,,
183,Airbus,!A!,,,,,,,,,,,
184,Airbus,!A!,,,,,,,,,,,
185,Airbus,!A!,,,,,,,,,,,
186,Airbus,!A!,,,,,,,,,,,
187,Airbus,!A!,,,,,,,,,,,
188,Airbus,!A!,,,,,,,,,,,
189,Airbus,!A!,,,,,,,,,,,
190,Airbus,!A!,,,,,,,,,,,
191,Airbus,!A!,,,,,,,,,,,
192,Airbus,!A!,,,,,,,,,,,
193,Airbus,!A!,,,,,,,,,,,
194,Airbus,!A!,,,,,,,,,,,
195,Airbus,!A!,,,,,,,,,,,
196,Airbus,!A!,,,,,,,,,,,
197,Airbus,!A!,,,,,,,,,,,
198,Airbus,!A!,,,,,,,,,,,
199,Airbus,!A!,,,,,,,,,,,
200,Boeing,707,,,,,,1,,1,,1,
201,Boeing,717,200,,,,,1,,1,,1,
202,Boeing,720,,,,,,1,,1,,1,
203,Boeing,727,100,,,,,1,,1,,1,
204,Boeing,727,200,,,,,1,,1,,1,
205,Boeing,737,100,,,,,1,,1,,1,
206,Boeing,737,200,,,,,1,,1,,1,
207,Boeing,737,300,,,,,1,,1,,1,
208,Boeing,737,400,,,,,1,,1,,1,
209,Boeing,737,500,,,,,1,,1,,1,
210,Boeing,737,600,,,,,1,,1,,1,
211,Boeing,737,700,,,,,1,,1,,1,
212,Boeing,737,700ER,,,,,1,,1,,1,
213,Boeing,737,800,,,,,1,,1,,1,
214,Boeing,737,900,,,,,1,,1,,1,
215,Boeing,737,900ER,,,,,1,,1,,1,
216,Boeing,737,MAX 7,,,,,1,,1,,1,
217,Boeing,737,MAX 8,,,,,1,,1,,1,
218,Boeing,737,MAX 200,,,,,1,,1,,1,
219,Boeing,737,MAX 9,,,,,1,,1,,1,
220,Boeing,737,MAX10,,,,,1,,1,,1,
221,Boeing,747,100,,,,,1,,1,,1,1
222,Boeing,747,200,,,,,1,,1,,1,1
223,Boeing,747,SP,,,,,1,,1,,1,1
224,Boeing,747,300,,,,,1,,1,,1,1
225,Boeing,747,400,,,,,1,,1,,1,1
226,Boeing,747,8,,,,,1,,1,,1,1
227,Boeing,757,200,,,,,1,,1,,1,
228,Boeing,757,300,,,,,1,,1,,1,1
229,Boeing,767,200,,,,,1,,1,,1,1
230,Boeing,767,200ER,,,,,1,,1,,1,1
231,Boeing,767,300,,,,,1,,1,,1,1
232,Boeing,767,300ER,,,,,1,,1,,1,1
233,Boeing,767,400ER,,,,,1,,1,,1,1
234,Boeing,777,200,,,,,1,,1,,1,1
235,Boeing,777,200ER,,,,,1,,1,,1,1
236,Boeing,777,300,,,,,1,,1,,1,1
237,Boeing,777,8,,,,,1,,1,,1,1
238,Boeing,777,9,,,,,1,,1,,1,1
239,Boeing,777,10X,,,,,1,,1,,1,1
240,Boeing,787,8,,,,,1,,1,,1,1
241,Boeing,787,9,,,,,1,,1,,1,1
242,Boeing,787,10,,,,,1,,1,,1,1
243,Boeing,767,300ER,,,,,1,,1,,1,1
244,Boeing,767,400ER,,,,,1,,1,,1,1
245,Boeing,777,200,,,,,1,,1,,1,1
246,Boeing,777,200ER,,,,,1,,1,,1,1
247,Boeing,777,300,,,,,1,,1,,1,1
248,Boeing,777,8,,,,,1,,1,,1,1
249,Boeing,777,9,,,,,1,,1,,1,1
250,Boeing,777,10X,,,,,1,,1,,1,1
251,Boeing,787,8,Dreamliner,,,,1,,1,,1,1
252,Boeing,787,9,Dreamliner,,,,1,,1,,1,1
253,Boeing,787,10,Dreamliner,,,,1,,1,,1,1
254,Boeing,!A!,,,,,,,,,,,
255,Boeing,!A!,,,,,,,,,,,
256,Boeing,!A!,,,,,,,,,,,
257,Boeing,!A!,,,,,,,,,,,
258,Boeing,!A!,,,,,,,,,,,
259,Boeing,!A!,,,,,,,,,,,
260,Boeing,!A!,,,,,,,,,,,
261,Boeing,!A!,,,,,,,,,,,
262,Boeing,!A!,,,,,,,,,,,
263,Boeing,!A!,,,,,,,,,,,
264,Boeing,!A!,,,,,,,,,,,
265,Boeing,!A!,,,,,,,,,,,
266,Boeing,!A!,,,,,,,,,,,
267,Boeing,!A!,,,,,,,,,,,
268,Boeing,!A!,,,,,,,,,,,
269,Boeing,!A!,,,,,,,,,,,
270,Boeing,!A!,,,,,,,,,,,
271,Boeing,!A!,,,,,,,,,,,
272,Boeing,!A!,,,,,,,,,,,
273,Boeing,!A!,,,,,,,,,,,
274,Boeing,!A!,,,,,,,,,,,
275,Boeing,!A!,,,,,,,,,,,
276,Boeing,!A!,,,,,,,,,,,
277,Boeing,!A!,,,,,,,,,,,
278,Boeing,!A!,,,,,,,,,,,
279,Boeing,!A!,,,,,,,,,,,
280,Boeing,!A!,,,,,,,,,,,
281,Boeing,!A!,,,,,,,,,,,
282,Boeing,!A!,,,,,,,,,,,
283,Boeing,!A!,,,,,,,,,,,
284,Boeing,!A!,,,,,,,,,,,
285,Boeing,!A!,,,,,,,,,,,
286,Boeing,!A!,,,,,,,,,,,
287,Boeing,!A!,,,,,,,,,,,
288,Boeing,!A!,,,,,,,,,,,
289,Boeing,!A!,,,,,,,,,,,
290,Boeing,!A!,,,,,,,,,,,
291,Boeing,!A!,,,,,,,,,,,
292,Boeing,!A!,,,,,,,,,,,
293,Boeing,!A!,,,,,,,,,,,
294,Boeing,!A!,,,,,,,,,,,
295,Boeing,!A!,,,,,,,,,,,
296,Boeing,!A!,,,,,,,,,,,
297,Boeing,!A!,,,,,,,,,,,
298,Boeing,!A!,,,,,,,,,,,
299,Boeing,!A!,,,,,,,,,,,
300,Embraer,170,,,E70,E170,,1,,,,,
301,Embraer,175,,,E75,\N,,1,,,,,
302,Embraer,175,,Long Wing,E7W,E75L,,1,,,,,
303,Embraer,175,,Short Wing,E7W,E75S,,1,,,,,
304,Embraer,190,,,E90,E190,,1,,,,,
305,Embraer,195,,,E95,E195,,1,,,,,
306,Embraer,E190,E2,,290,E290,,1,,,,,
307,Embraer,E195,E2,,295,E295,,1,,,,,
308,Embraer,EMB,110,Bandeirante,EMB,E110,,1,,,,,
309,Embraer,EMB,120,Brasilia,EM2,E120,,1,,,,,
310,Embraer,Legacy,450,,\N,E545,,,,,,,
311,Embraer,Legacy,600,,ER3,E35L,,,,,,,
312,Embraer,Phenom,100,,EP1,E50P,,,,,,,
313,Embraer,Phenom,300,,EP3,E55P,,,,,,,
314,Embraer,RJ135,,,ER3,E135,,,,,,,
315,Embraer,RJ140,,,ERD,E135,,,,,,,
316,Embraer,RJ145,,,ER4,E145,,,,,,,
317,Fairchild Dornier,328JET,,,FRJ,J328,,,,,,,
318,Fairchild Dornier,Do.228,,,D28,D228,,,,,,,
319,Fairchild Dornier,Do.328,,,D38,D328,,,,,,,
320,Fokker,100,100,F100,,,,,,,,,
321,Fokker,50,F50,F50,,,,,,,,,
322,Fokker,70,F70,F70,,,,,,,,,
323,Fokker,F27,Friendship,F27,F27,,,,,,,,
324,Fokker,F28,Fellowship,F21,F28,,,,,,,,
325,Gulfstream,G280,,,GR3,G280,,,,,,,
326,Gulfstream,G650,,,GJ6,GLF6,,,,,,,
327,Gulfstream,IV,,,GJ4,GLF4,,,,,,,
328,Gulfstream,V,,,GJ5,GLF5,,,,,,,
329,Ilyushin,IL114,,,I14,I114,,,,,,,
330,Ilyushin,IL18,,,IL8,IL18,,,,,,,
331,Ilyushin,IL62,,,IL6,IL62,,,,,,,
332,Ilyushin,IL76,,,IL7,IL76,,,,,,,
333,Ilyushin,IL86,,,ILW,IL86,,,,,,,
334,Ilyushin,IL96,,,I93,IL96,,,,,,,
335,Learjet,35,,,LRJ,LJ35,,,,,,,
336,Learjet,60,,,LRJ,LJ60,,,,,,,
337,Lockheed,L-1011,,Tristar,L10,L101,,,,,,,
338,Lockheed,L-1049,,Super Constellation,L49,CONI,,,,,,,
339,Lockheed,L-182,,Hercules,LOH,C130,,,,,,,
340,Lockheed,L-188,,Electra,LOE,L188,,,,,,,
341,McDonnell Douglas,MD-11,,,M11,MD11,,,,,,,
342,McDonnell Douglas,MD-81,,,M81,MD81,,,,,,,
343,McDonnell Douglas,MD-82,,,M82,MD82,,,,,,,
344,McDonnell Douglas,MD-83,,,M83,MD83,,,,,,,
345,McDonnell Douglas,MD-87,,,M87,MD87,,,,,,,
346,McDonnell Douglas,MD-88,,,M88,MD88,,,,,,,
347,McDonnell Douglas,MD-90,,,M90,MD90,,,,,,,
348,Pilatus,BN-2A Mk III,Trislander,,BNT,TRIS,,,,,,,
349,Pilatus Britten-Norman BN-2A/B Islander,BN-2A/B,Islander,,BNI,BN2P,,,,,,,
350,Pilatus,PC-12,,,PL2,PC12,,,,,,,
351,Pilatus,PC-6,Turbo Porter,,PL6,PC6T,,,,,,,
352,Piper,PA-28,above 200hp,,,P28B,,,,,,,
353,Piper,PA-28,up to 180hp,,,P28A,,,,,,,
354,Piper,PA-31,Navajo,,PA2,PA31,,,,,,,
355,Piper,PA-44,Seminole,,,PA44,1,0,0,1,,,
356,Piper,PA-46,,,PAG,PA46,,,,,,,
357,Saab,2000,,,S20,SB20,,,,,,,
358,Saab,SF340A/B,,,SF3,SF34,,,,,,,
359,Sikorsky,S-58T,,,S58,S58T,,,,,,,
360,Sikorsky,S-61,,,S61,S61,,,,,,,
361,Sikorsky,S-76,,,S76,S76,,,,,,,
362,Sikorsky,S-92,,,S92,S92,,,,,,,
363,Sukhoi,SSJ100,95,,SU9,SU95,,,,,,,
364,Tupolev,Tu-134,,,TU3,T134,,,,,,,
365,Tupolev,Tu-144,,,\N,T144,,,,,,,
366,Tupolev,Tu-154,,,TU5,T154,,,,,,,
367,Tupolev,Tu-204,,,T20,T204,,,,,,,
368,Yakovlev,Yak-40,,,YK4,YK40,,,,,,,
369,Yakovlev,Yak-42,,,YK2,YK42,,,,,,,
370,ATR,42,200,,,,,,,,,,
371,ATR,42,300,,AT4,AT43,,,,,,,
372,ATR,42,320,,AT4,AT43,,,,,,,
373,ATR,42,400,,AT4,AT42,,,,,,,
374,ATR,42,500,,AT5,AT45,,,,,,,
375,ATR,42,600,,ATR,AT46,,,,,,,
376,ATR,72,100,,AT7,AT72,,,,,,,
377,ATR,72,200,,ATR,AT73,,,,,,,
378,ATR,72,210,,ATR,AT73,,,,,,,
379,ATR,72,212,,ATR,AT73,,,,,,,
380,ATR,72,500,,ATR,AT75,,,,,,,
381,ATR,72,600,,ATR,AT76,,,,,,,
382,Avro ,RJ,100,,AR1,RJ1H,,,,,,,
383,Avro,RJ,70,,AR7,RJ70,,,,,,,
384,Avro ,RJ,85,,AR8,RJ85,,,,,,,
385,BAe,146,100,,141,B461,,,,,,,
386,BAe,146,200,,142,B462,,,,,,,
387,BAe,146,300,,143,B463,,,,,,,
388,Bombardier,Challenger,300,300,\N,CL30,,,,,,,
389,Bombardier,Challenger,600,,CCJ,CL60,,,,,,,
390,Bombardier,Global,5000,,CCX,GL5T,,,,,,,
391,Bombardier,Global Express,,,CCX,GLEX,,,,,,,
392,Bombardier,CRJ,100,,CR1,CRJ1,,,,,,,
393,Cessna,152,,,C152,,1,0,1,0,,,
394,Cessna,172,CN1,,C172,,,0,,,,,
395,Cessna,182,Skylane,,CN1,C182,,0,,,,,
396,Cessna,208,Caravan,,CN1,C208,,0,,,,,
397,Cessna,210,Centurion,,CN1,C210,,0,,,,,
398,Cessna,Citation,CJ3,,CNJ,C25B,,,,,,,
399,Cessna,Citation,CJ4,,CNJ,C25C,,,,,,,
400,Cessna,Citation,Excel,,CNJ,C56X,,,,,,,
401,Cessna,Citation,I,,CNJ,C500,,,,,,,
402,Cessna,Citation,II,,CNJ,C550,,,,,,,
403,Cessna,Citation,Mustang,,CNJ,C510,,,,,,,
404,Cessna,Citation,Sovereign,,CNJ,C680,,,,,,,
405,Cessna,Citation,X,,CNJ,C750,,,,,,,
406,Concorde,Concorde,,,SSC,CONC,,,,,,,
407,Dassault,Falcon,2000,,D20,F2TH,,,,,,,
408,Dassault,Falcon,50,,DF3,FA50,,,,,,,
409,Dassault,Falcon,7X,,DF7,FA7X,,,,,,,
410,Dassault,Falcon,900,,DF9,F900,,,,,,,
411,De Havilland Canada,DHC -2,,Beaver,DHP,DHC2,,,,,,,
412,De Havilland Canada,DHC -2,,Turbo-Beaver,DHR,DH2T,,,,,,,
413,De Havilland Canada,DHC -3,,Otter,DHL,DHC3,,,,,,,
414,De Havilland Canada,DHC -4,,Caribou,DHC,DHC4,,,,,,,
415,De Havilland Canada,DHC -6,,Twin Otter,DHT,DHC6,,,,,,,
416,De Havilland Canada,DHC -7,,Dash 7,DH7,DHC7,,,,,,,
417,De Havilland Canada,DHC-8,100,Dash 8,DH1,DH8A,,,,,,,
418,De Havilland Canada,DHC-8,200,Dash 8,DH2,DH8B,,,,,,,
419,De Havilland Canada,DHC-8,300,Dash 8,DH3,DH8C,,,,,,,
420,De Havilland Canada,DHC-8,400,Dash 8,DH4,DH8D,,,,,,,
421,De Havilland,DH,104,Dove,DHD,DOVE,,,,,,,
422,De Havilland,DH,114,Heron],DHH,HERN,,,,,,,
423,Douglas,DC-10,,,D10,DC10,,,,,,,
424,Douglas,DC-3,,,D3F,DC3,,,,,,,
425,Douglas,DC-6,,,D6F,DC6,,,,,,,
426,Douglas,DC-8,50,,D8T,DC85,,,,,,,
427,Douglas,DC-8,62,,D8L,DC86,,,,,,,
428,Douglas,DC-8,72,,D8Q,DC87,,,,,,,
429,Douglas,DC-9,10,,D91,DC91,,,,,,,
430,Douglas,DC-9,20,,D92,DC92,,,,,,,
431,Douglas,DC-9,30,,D93,DC93,,,,,,,
432,Douglas,DC-9,40,,D94,DC94,,,,,,,
433,Douglas,DC-9,50,,D95,DC95,,,,,,,
SE-QYD,110,Norwegian,,,,,,,,,,,
SE-QZS,110,Norwegian,,,,,,,,,,,
SE-RAD,110,Norwegian,,,,,,,,,,,
SE-RAJ,110,Norwegian,,,,,,,,,,,
SE-RAO,110,Norwegian,,,,,,,,,,,
SE-RCH,110,Norwegian,,,,,,,,,,,
SE-RDJ,110,Norwegian,,,,,,,,,,,
SE-RDL,216,Norwegian,,,,,,,,,,,
SE-REH,216,Norwegian,,,,,,,,,,,
SE-RER,216,Norwegian,,,,,,,,,,,
SE-RGI,216,Norwegian,,,,,,,,,,,
SE-RGP,216,Norwegian,,,,,,,,,,,
SE-RGV,216,Norwegian,,,,,,,,,,,
SE-RHM,216,Norwegian,,,,,,,,,,,
SE-RID,216,Norwegian,,,,,,,,,,,
SE-RIO,216,Norwegian,,,,,,,,,,,
SE-RJE,216,Norwegian,,,,,,,,,,,
SE-RJG,216,Norwegian,,,,,,,,,,,
SE-RJN,216,Norwegian,,,,,,,,,,,
SE-RJX,216,Norwegian,,,,,,,,,,,
SE-RJZ,216,Norwegian,,,,,,,,,,,
SE-RKK,216,Norwegian,,,,,,,,,,,
SE-RKP,216,Norwegian,,,,,,,,,,,
SE-RLL,216,Norwegian,,,,,,,,,,,
SE-RNU,216,Norwegian,,,,,,,,,,,
SE-RNZ,216,Norwegian,,,,,,,,,,,
SE-ROP,216,Norwegian,,,,,,,,,,,
SE-ROR,216,Norwegian,,,,,,,,,,,
SE-RPK,216,Norwegian,,,,,,,,,,,
SE-RQB,216,Norwegian,,,,,,,,,,,
SE-RQD,216,Norwegian,,,,,,,,,,,
SE-RQL,216,Norwegian,,,,,,,,,,,
SE-RQS,216,Norwegian,,,,,,,,,,,
SE-RQX,216,Norwegian,,,,,,,,,,,
SE-RSC,216,Norwegian,,,,,,,,,,,
SE-RWA,216,Norwegian,,,,,,,,,,,
SE-RXY,216,Norwegian,,,,,,,,,,,
SE-RYF,216,Norwegian,,,,,,,,,,,
SE-RZH,216,Norwegian,,,,,,,,,,,
SE-SAK,216,Norwegian,,,,,,,,,,,
SE-SAV,216,Norwegian,,,,,,,,,,,
SE-SBT,216,Norwegian,,,,,,,,,,,
SE-SCA,216,Norwegian,,,,,,,,,,,
SE-SDO,216,Norwegian,,,,,,,,,,,
SE-SDV,216,Norwegian,,,,,,,,,,,
SE-SFY,216,Norwegian,,,,,,,,,,,
SE-SGE,216,Norwegian,,,,,,,,,,,
SE-SHN,216,Norwegian,,,,,,,,,,,
SE-SHU,216,Norwegian,,,,,,,,,,,
SE-SIQ,216,Norwegian,,,,,,,,,,,
SE-SIY,216,Norwegian,,,,,,,,,,,
SE-SJG,216,Norwegian,,,,,,,,,,,
SE-SJH,216,Norwegian,,,,,,,,,,,
SE-SJO,216,Norwegian,,,,,,,,,,,
SE-SKD,216,Norwegian,,,,,,,,,,,
SE-SKG,216,Norwegian,,,,,,,,,,,
SE-SKK,216,Norwegian,,,,,,,,,,,
SE-SKN,216,Norwegian,,,,,,,,,,,
SE-SKV,216,Norwegian,,,,,,,,,,,
SE-SLB,216,Norwegian,,,,,,,,,,,
SE-SLW,216,Norwegian,,,,,,,,,,,
SE-SMJ,216,Norwegian,,,,,,,,,,,
SE-SMS,216,Norwegian,,,,,,,,,,,
SE-SNA,216,Norwegian,,,,,,,,,,,
SE-SPA,216,Norwegian,,,,,,,,,,,
SE-SPC,216,Norwegian,,,,,,,,,,,
SE-SQU,216,Norwegian,,,,,,,,,,,
SE-SRB,216,Norwegian,,,,,,,,,,,
SE-SRX,216,Norwegian,,,,,,,,,,,
SE-SSS,216,Norwegian,,,,,,,,,,,
SE-SSS,216,Norwegian,,,,,,,,,,,
SE-SUB,216,Norwegian,,,,,,,,,,,
SE-SUH,216,Norwegian,,,,,,,,,,,
SE-SVA,216,Norwegian,,,,,,,,,,,
SE-SVI,216,Norwegian,,,,,,,,,,,
SE-SVM,216,Norwegian,,,,,,,,,,,
SE-SWZ,216,Norwegian,,,,,,,,,,,
SE-SXD,216,Norwegian,,,,,,,,,,,
SE-SYZ,216,Norwegian,,,,,,,,,,,
SE-SZL,216,Norwegian,,,,,,,,,,,
SE-TAA,216,Norwegian,,,,,,,,,,,
SE-TAM,216,Norwegian,,,,,,,,,,,
SE-TAP,216,Norwegian,,,,,,,,,,,
SE-TAT,216,Norwegian,,,,,,,,,,,
SE-TBB,216,Norwegian,,,,,,,,,,,
SE-TBQ,216,Norwegian,,,,,,,,,,,
SE-TEJ,216,Norwegian,,,,,,,,,,,
SE-TEX,216,Norwegian,,,,,,,,,,,
SE-TFG,216,Norwegian,,,,,,,,,,,
SE-TFO,216,Norwegian,,,,,,,,,,,
SE-TGA,216,Norwegian,,,,,,,,,,,
SE-TGE,216,Norwegian,,,,,,,,,,,
SE-TGF,216,Norwegian,,,,,,,,,,,
SE-THJ,216,Norwegian,,,,,,,,,,,
SE-THM,216,Norwegian,,,,,,,,,,,
SE-THN,216,Norwegian,,,,,,,,,,,
SE-THW,216,Norwegian,,,,,,,,,,,
SE-TIU,216,Norwegian,,,,,,,,,,,
SE-TJG,216,Norwegian,,,,,,,,,,,
SE-TJN,216,Norwegian,,,,,,,,,,,
SE-TMS,216,Norwegian,,,,,,,,,,,
SE-TPC,216,Norwegian,,,,,,,,,,,
SE-TPS,216,Norwegian,,,,,,,,,,,
SE-TQT,216,Norwegian,,,,,,,,,,,
SE-TTD,216,Norwegian,,,,,,,,,,,
SE-TTH,216,Norwegian,,,,,,,,,,,
SE-TVE,216,Norwegian,,,,,,,,,,,
SE-TVV,216,Norwegian,,,,,,,,,,,
SE-TXE,216,Norwegian,,,,,,,,,,,
SE-TXX,216,Norwegian,,,,,,,,,,,
SE-TXY,216,Norwegian,,,,,,,,,,,
SE-UBO,216,Norwegian,,,,,,,,,,,
SE-UCG,216,Norwegian,,,,,,,,,,,
SE-UCM,216,Norwegian,,,,,,,,,,,
SE-UDK,216,Norwegian,,,,,,,,,,,
SE-UEW,216,Norwegian,,,,,,,,,,,
SE-UFN,216,Norwegian,,,,,,,,,,,
SE-UGD,216,Norwegian,,,,,,,,,,,
SE-UGR,216,Norwegian,,,,,,,,,,,
SE-UHF,216,Norwegian,,,,,,,,,,,
SE-UHT,216,Norwegian,,,,,,,,,,,
SE-UHT,216,Norwegian,,,,,,,,,,,
SE-UKK,216,Norwegian,,,,,,,,,,,
SE-UKK,216,Norwegian,,,,,,,,,,,
SE-ULF,216,Norwegian,,,,,,,,,,,
SE-ULG,216,Norwegian,,,,,,,,,,,
SE-ULJ,216,Norwegian,,,,,,,,,,,
SE-UMP,216,Norwegian,,,,,,,,,,,
SE-UNE,216,Norwegian,,,,,,,,,,,
SE-UNU,216,Norwegian,,,,,,,,,,,
SE-UPJ,216,Norwegian,,,,,,,,,,,
SE-UPM,216,Norwegian,,,,,,,,,,,
SE-UPM,216,Norwegian,,,,,,,,,,,
SE-UQE,216,Norwegian,,,,,,,,,,,
SE-UQX,216,Norwegian,,,,,,,,,,,
SE-URA,216,Norwegian,,,,,,,,,,,
SE-URJ,216,Norwegian,,,,,,,,,,,
SE-USJ,216,Norwegian,,,,,,,,,,,
SE-USM,216,Norwegian,,,,,,,,,,,
SE-USV,216,Norwegian,,,,,,,,,,,
SE-UUC,216,Norwegian,,,,,,,,,,,
SE-UVB,216,Norwegian,,,,,,,,,,,
SE-UXG,216,Norwegian,,,,,,,,,,,
SE-UYA,216,Norwegian,,,,,,,,,,,
SE-UYB,216,Norwegian,,,,,,,,,,,
SE-UYE,216,Norwegian,,,,,,,,,,,
SE-UYK,216,Norwegian,,,,,,,,,,,
SE-UYX,216,Norwegian,,,,,,,,,,,
SE-UZG,216,Norwegian,,,,,,,,,,,
SE-UZT,216,Norwegian,,,,,,,,,,,
SE-UZX,216,Norwegian,,,,,,,,,,,
SE-UZZ,216,Norwegian,,,,,,,,,,,
SE-VAE,216,Norwegian,,,,,,,,,,,
SE-VAM,216,Norwegian,,,,,,,,,,,
SE-VAY,216,Norwegian,,,,,,,,,,,
SE-VBE,216,Norwegian,,,,,,,,,,,
SE-VEL,216,Norwegian,,,,,,,,,,,
SE-VES,216,Norwegian,,,,,,,,,,,
SE-VFC,216,Norwegian,,,,,,,,,,,
SE-VFF,216,Norwegian,,,,,,,,,,,
SE-VFM,216,Norwegian,,,,,,,,,,,
SE-VFY,216,Norwegian,,,,,,,,,,,
SE-VGJ,216,Norwegian,,,,,,,,,,,
SE-VGU,216,Norwegian,,,,,,,,,,,
SE-VHV,216,Norwegian,,,,,,,,,,,
SE-VIC,216,Norwegian,,,,,,,,,,,
SE-VIL,216,Norwegian,,,,,,,,,,,
SE-VKB,216,Norwegian,,,,,,,,,,,
SE-VKE,216,Norwegian,,,,,,,,,,,
SE-VKJ,216,Norwegian,,,,,,,,,,,
SE-VKS,216,Norwegian,,,,,,,,,,,
SE-VKX,216,Norwegian,,,,,,,,,,,
SE-VLH,216,Norwegian,,,,,,,,,,,
SE-VLJ,216,Norwegian,,,,,,,,,,,
SE-VMJ,216,Norwegian,,,,,,,,,,,
SE-VMZ,216,Norwegian,,,,,,,,,,,
SE-VNB,216,Norwegian,,,,,,,,,,,
SE-VPP,216,Norwegian,,,,,,,,,,,
LN-VPU,216,NAS,,,,,,,,,,,
LN-VRK,216,NAS,,,,,,,,,,,
LN-VRO,216,NAS,,,,,,,,,,,
LN-VSO,216,NAS,,,,,,,,,,,
LN-VSX,216,NAS,,,,,,,,,,,
LN-VTT,216,NAS,,,,,,,,,,,
LN-VUJ,216,NAS,,,,,,,,,,,
LN-VUX,216,NAS,,,,,,,,,,,
LN-VVF,216,NAS,,,,,,,,,,,
LN-VVP,216,NAS,,,,,,,,,,,
LN-VWF,216,NAS,,,,,,,,,,,
LN-VWF,216,NAS,,,,,,,,,,,
LN-VZH,216,NAS,,,,,,,,,,,
LN-WBH,216,NAS,,,,,,,,,,,
LN-WBN,216,NAS,,,,,,,,,,,
LN-WDB,216,NAS,,,,,,,,,,,
LN-WEX,216,NAS,,,,,,,,,,,
LN-WEZ,216,NAS,,,,,,,,,,,
LN-WFB,216,NAS,,,,,,,,,,,
LN-WGQ,216,NAS,,,,,,,,,,,
LN-WHM,216,NAS,,,,,,,,,,,
LN-WHN,216,NAS,,,,,,,,,,,
LN-WIV,216,NAS,,,,,,,,,,,
LN-WIX,216,NAS,,,,,,,,,,,
LN-WKX,216,NAS,,,,,,,,,,,
LN-WMR,216,NAS,,,,,,,,,,,
LN-WMX,216,NAS,,,,,,,,,,,
LN-WNW,216,NAS,,,,,,,,,,,
LN-WOE,216,NAS,,,,,,,,,,,
LN-WPD,216,NAS,,,,,,,,,,,
LN-WPR,216,NAS,,,,,,,,,,,
LN-WQE,216,NAS,,,,,,,,,,,
LN-WQI,216,NAS,,,,,,,,,,,
LN-WSG,216,NAS,,,,,,,,,,,
LN-WSJ,216,NAS,,,,,,,,,,,
LN-WSJ,216,NAS,,,,,,,,,,,
LN-WTB,216,NAS,,,,,,,,,,,
LN-WTO,216,NAS,,,,,,,,,,,
LN-WUQ,216,NAS,,,,,,,,,,,
LN-WVS,216,NAS,,,,,,,,,,,
LN-WVW,216,NAS,,,,,,,,,,,
LN-WVZ,216,NAS,,,,,,,,,,,
LN-WVZ,216,NAS,,,,,,,,,,,
LN-WWA,216,NAS,,,,,,,,,,,
LN-WXE,216,NAS,,,,,,,,,,,
LN-WXK,216,NAS,,,,,,,,,,,
LN-WXO,216,NAS,,,,,,,,,,,
LN-WZB,216,NAS,,,,,,,,,,,
LN-XAR,216,NAS,,,,,,,,,,,
LN-XCA,216,NAS,,,,,,,,,,,
LN-XDV,216,NAS,,,,,,,,,,,
LN-XEV,216,NAS,,,,,,,,,,,
LN-XEY,216,NAS,,,,,,,,,,,
LN-XEZ,216,NAS,,,,,,,,,,,
LN-XFE,216,NAS,,,,,,,,,,,
LN-XGF,216,NAS,,,,,,,,,,,
LN-XIT,216,NAS,,,,,,,,,,,
LN-XJB,216,NAS,,,,,,,,,,,
LN-XJF,216,NAS,,,,,,,,,,,
LN-XJM,216,NAS,,,,,,,,,,,
LN-XJW,216,NAS,,,,,,,,,,,
LN-XKD,216,NAS,,,,,,,,,,,
LN-XMN,216,NAS,,,,,,,,,,,
LN-XMS,216,NAS,,,,,,,,,,,
LN-XMZ,216,NAS,,,,,,,,,,,
LN-XNA,216,NAS,,,,,,,,,,,
LN-XNE,216,NAS,,,,,,,,,,,
LN-XOL,216,NAS,,,,,,,,,,,
LN-XOV,216,NAS,,,,,,,,,,,
LN-XPE,216,NAS,,,,,,,,,,,
LN-XPG,216,NAS,,,,,,,,,,,
LN-XPI,216,NAS,,,,,,,,,,,
LN-XQR,216,NAS,,,,,,,,,,,
LN-XQT,216,NAS,,,,,,,,,,,
LN-XRN,216,NAS,,,,,,,,,,,
LN-XRP,216,NAS,,,,,,,,,,,
LN-XRZ,216,NAS,,,,,,,,,,,
LN-XSH,216,NAS,,,,,,,,,,,
LN-XUT,216,NAS,,,,,,,,,,,
LN-XVB,216,NAS,,,,,,,,,,,
LN-XWF,216,NAS,,,,,,,,,,,
LN-XWR,216,NAS,,,,,,,,,,,
LN-XWS,216,NAS,,,,,,,,,,,
LN-XWZ,216,NAS,,,,,,,,,,,
LN-XXJ,216,NAS,,,,,,,,,,,
LN-XYW,216,NAS,,,,,,,,,,,
LN-YBN,216,NAS,,,,,,,,,,,
LN-YBQ,216,NAS,,,,,,,,,,,
LN-YBS,216,NAS,,,,,,,,,,,
LN-YDD,216,NAS,,,,,,,,,,,
LN-YDS,216,NAS,,,,,,,,,,,
LN-YDU,216,NAS,,,,,,,,,,,
LN-YEL,216,NAS,,,,,,,,,,,
LN-YEL,216,NAS,,,,,,,,,,,
LN-YHG,216,NAS,,,,,,,,,,,
LN-YHP,216,NAS,,,,,,,,,,,
LN-YIT,216,NAS,,,,,,,,,,,
LN-YJB,216,NAS,,,,,,,,,,,
LN-YKF,216,NAS,,,,,,,,,,,
LN-YKH,216,NAS,,,,,,,,,,,
LN-YLD,216,NAS,,,,,,,,,,,
LN-YLK,216,NAS,,,,,,,,,,,
LN-YNF,216,NAS,,,,,,,,,,,
LN-YNW,216,NAS,,,,,,,,,,,
LN-YOX,216,NAS,,,,,,,,,,,
LN-YOY,216,NAS,,,,,,,,,,,
LN-YPD,216,NAS,,,,,,,,,,,
LN-YPY,216,NAS,,,,,,,,,,,
LN-YTB,216,NAS,,,,,,,,,,,
LN-YTG,216,NAS,,,,,,,,,,,
LN-YTS,216,NAS,,,,,,,,,,,
LN-YUC,216,NAS,,,,,,,,,,,
LN-YUI,216,NAS,,,,,,,,,,,
LN-YVD,216,NAS,,,,,,,,,,,
LN-YVK,216,NAS,,,,,,,,,,,
LN-YWJ,216,NAS,,,,,,,,,,,
LN-YXA,216,NAS,,,,,,,,,,,
LN-YXP,216,NAS,,,,,,,,,,,
LN-YYM,216,NAS,,,,,,,,,,,
LN-YYX,216,NAS,,,,,,,,,,,
LN-YZE,216,NAS,,,,,,,,,,,
LN-ZAR,216,NAS,,,,,,,,,,,
LN-ZBJ,216,NAS,,,,,,,,,,,
LN-ZBS,216,NAS,,,,,,,,,,,
LN-ZBZ,216,NAS,,,,,,,,,,,
LN-ZCM,216,NAS,,,,,,,,,,,
LN-ZFH,256,NAS,,,,,,,,,,,
LN-ZFI,256,NAS,,,,,,,,,,,
LN-ZGD,256,NAS,,,,,,,,,,,
LN-ZGL,256,NAS,,,,,,,,,,,
LN-ZIV,256,NAS,,,,,,,,,,,
A6-ZJG,250,Emirates,,,,,,,,,,,
A6-ZJM,250,Emirates,,,,,,,,,,,
A6-ZKY,250,Emirates,,,,,,,,,,,
A6-ZKY,250,Emirates,,,,,,,,,,,
A6-ZLJ,250,Emirates,,,,,,,,,,,
A6-ZMS,250,Emirates,,,,,,,,,,,
A6-ZNC,250,Emirates,,,,,,,,,,,
A6-ZNC,250,Emirates,,,,,,,,,,,
A6-ZOR,250,Emirates,,,,,,,,,,,
A6-ZOY,250,Emirates,,,,,,,,,,,
A6-ZPB,250,Emirates,,,,,,,,,,,
A6-ZPK,250,Emirates,,,,,,,,,,,
A6-ZPP,250,Emirates,,,,,,,,,,,
A6-ZPV,250,Emirates,,,,,,,,,,,
A6-ZQS,250,Emirates,,,,,,,,,,,
A6-ZQW,250,Emirates,,,,,,,,,,,
A6-ZSB,250,Emirates,,,,,,,,,,,
A6-ZSC,250,Emirates,,,,,,,,,,,
A6-ZSI,250,Emirates,,,,,,,,,,,
A6-ZSL,250,Emirates,,,,,,,,,,,
A6-ZSX,250,Emirates,,,,,,,,,,,
A6-ZTZ,250,Emirates,,,,,,,,,,,
A6-ZUF,250,Emirates,,,,,,,,,,,
A6-ZVP,250,Emirates,,,,,,,,,,,
A6-ZVP,250,Emirates,,,,,,,,,,,
A6-ZWR,250,Emirates,,,,,,,,,,,
A6-ZZA,250,Emirates,,,,,,,,,,,
A6-QH,250,Emirates,,,,,,,,,,,
A6-QI,250,Emirates,,,,,,,,,,,
A6-QI,250,Emirates,,,,,,,,,,,
A6-QK,250,Emirates,,,,,,,,,,,
A6-QK,250,Emirates,,,,,,,,,,,
A6-QL,250,Emirates,,,,,,,,,,,
A6-QM,250,Emirates,,,,,,,,,,,
A6-QM,250,Emirates,,,,,,,,,,,
A6-QM,250,Emirates,,,,,,,,,,,
A6-QN,250,Emirates,,,,,,,,,,,
A6-QN,250,Emirates,,,,,,,,,,,
A6-QO,250,Emirates,,,,,,,,,,,
A6-QO,250,Emirates,,,,,,,,,,,
A6-QO,250,Emirates,,,,,,,,,,,
A6-QP,250,Emirates,,,,,,,,,,,
A6-QP,250,Emirates,,,,,,,,,,,
A6-QP,250,Emirates,,,,,,,,,,,
A6-QQ,250,Emirates,,,,,,,,,,,
A6-QS,250,Emirates,,,,,,,,,,,
A6-QT,250,Emirates,,,,,,,,,,,
A6-QT,250,Emirates,,,,,,,,,,,
A6-QT,250,Emirates,,,,,,,,,,,
A6-QU,250,Emirates,,,,,,,,,,,
A6-QV,250,Emirates,,,,,,,,,,,
A6-QV,250,Emirates,,,,,,,,,,,
A6-QV,250,Emirates,,,,,,,,,,,
A6-QW,250,Emirates,,,,,,,,,,,
A6-QZ,250,Emirates,,,,,,,,,,,
A6-QZ,250,Emirates,,,,,,,,,,,
A6-RA,250,Emirates,,,,,,,,,,,
A6-RB,250,Emirates,,,,,,,,,,,
A6-RB,250,Emirates,,,,,,,,,,,
A6-RB,250,Emirates,,,,,,,,,,,
A6-RB,250,Emirates,,,,,,,,,,,
A6-RC,250,Emirates,,,,,,,,,,,
A6-RC,250,Emirates,,,,,,,,,,,
A6-RC,250,Emirates,,,,,,,,,,,
A6-RE,250,Emirates,,,,,,,,,,,
A6-RF,250,Emirates,,,,,,,,,,,
A6-RG,250,Emirates,,,,,,,,,,,
A6-RG,250,Emirates,,,,,,,,,,,
A6-RH,250,Emirates,,,,,,,,,,,
A6-RI,250,Emirates,,,,,,,,,,,
A6-RJ,250,Emirates,,,,,,,,,,,
A6-RK,250,Emirates,,,,,,,,,,,
A6-RK,250,Emirates,,,,,,,,,,,
A6-RL,250,Emirates,,,,,,,,,,,
A6-RL,250,Emirates,,,,,,,,,,,
A6-RL,250,Emirates,,,,,,,,,,,
A6-RM,250,Emirates,,,,,,,,,,,
A6-RM,250,Emirates,,,,,,,,,,,
A6-RM,250,Emirates,,,,,,,,,,,
A6-RM,250,Emirates,,,,,,,,,,,
A6-RN,250,Emirates,,,,,,,,,,,
A6-RP,250,Emirates,,,,,,,,,,,
A6-RQ,250,Emirates,,,,,,,,,,,
A6-RS,250,Emirates,,,,,,,,,,,
A6-RT,250,Emirates,,,,,,,,,,,
A6-RT,250,Emirates,,,,,,,,,,,
A6-RT,250,Emirates,,,,,,,,,,,
A6-RW,250,Emirates,,,,,,,,,,,
A6-RW,250,Emirates,,,,,,,,,,,
A6-RW,250,Emirates,,,,,,,,,,,
A6-RW,250,Emirates,,,,,,,,,,,
A6-RX,250,Emirates,,,,,,,,,,,
A6-RY,250,Emirates,,,,,,,,,,,
A6-RZ,250,Emirates,,,,,,,,,,,
A6-RZ,250,Emirates,,,,,,,,,,,
A6-SA,250,Emirates,,,,,,,,,,,
A6-SA,250,Emirates,,,,,,,,,,,
A6-SA,250,Emirates,,,,,,,,,,,
A6-SA,250,Emirates,,,,,,,,,,,
A6-SB,250,Emirates,,,,,,,,,,,
A6-SB,250,Emirates,,,,,,,,,,,
A6-SB,250,Emirates,,,,,,,,,,,
A6-SB,250,Emirates,,,,,,,,,,,
A6-SB,250,Emirates,,,,,,,,,,,
A6-SB,250,Emirates,,,,,,,,,,,
A6-SC,250,Emirates,,,,,,,,,,,
A6-SE,250,Emirates,,,,,,,,,,,
A6-SE,250,Emirates,,,,,,,,,,,
A6-SE,250,Emirates,,,,,,,,,,,
A6-SE,250,Emirates,,,,,,,,,,,
A6-SF,250,Emirates,,,,,,,,,,,
A6-SF,250,Emirates,,,,,,,,,,,
A6-SF,250,Emirates,,,,,,,,,,,
A6-SH,250,Emirates,,,,,,,,,,,
A6-SH,250,Emirates,,,,,,,,,,,
A6-SI,250,Emirates,,,,,,,,,,,
A6-SI,250,Emirates,,,,,,,,,,,
A6-SJ,250,Emirates,,,,,,,,,,,
A6-SJ,250,Emirates,,,,,,,,,,,
A6-SK,250,Emirates,,,,,,,,,,,
A6-SL,250,Emirates,,,,,,,,,,,
A6-SL,250,Emirates,,,,,,,,,,,
A6-SM,250,Emirates,,,,,,,,,,,
A6-SM,250,Emirates,,,,,,,,,,,
A6-SN,250,Emirates,,,,,,,,,,,
A6-SO,250,Emirates,,,,,,,,,,,
A6-SP,250,Emirates,,,,,,,,,,,
A6-SQ,250,Emirates,,,,,,,,,,,
A6-SR,250,Emirates,,,,,,,,,,,
A6-SR,250,Emirates,,,,,,,,,,,
A6-SS,250,Emirates,,,,,,,,,,,
A6-SV,250,Emirates,,,,,,,,,,,
A6-SW,250,Emirates,,,,,,,,,,,
A6-SW,250,Emirates,,,,,,,,,,,
A6-SX,250,Emirates,,,,,,,,,,,
A6-SX,250,Emirates,,,,,,,,,,,
A6-SX,250,Emirates,,,,,,,,,,,
A6-SY,250,Emirates,,,,,,,,,,,
A6-SY,250,Emirates,,,,,,,,,,,
A6-TB,250,Emirates,,,,,,,,,,,
A6-TB,250,Emirates,,,,,,,,,,,
A6-TC,250,Emirates,,,,,,,,,,,
N-TD,355,Honolulu Air,,,,,,,,,,,
N-TD,355,Honolulu Air,,,,,,,,,,,
N-TE,355,Honolulu Air,,,,,,,,,,,
N-TE,355,Honolulu Air,,,,,,,,,,,
N-TF,355,Honolulu Air,,,,,,,,,,,
N-TG,355,Honolulu Air,,,,,,,,,,,
N-TH,355,Honolulu Air,,,,,,,,,,,
N-TI,355,Honolulu Air,,,,,,,,,,,
N-TI,355,Honolulu Air,,,,,,,,,,,
N-TI,355,Honolulu Air,,,,,,,,,,,
N-TK,355,Honolulu Air,,,,,,,,,,,
N-TK,355,Honolulu Air,,,,,,,,,,,
N-TL,355,Honolulu Air,,,,,,,,,,,
N-TM,355,Honolulu Air,,,,,,,,,,,
N-TN,355,Honolulu Air,,,,,,,,,,,
N-TN,355,Honolulu Air,,,,,,,,,,,
N-TN,355,Honolulu Air,,,,,,,,,,,
N-TN,355,Honolulu Air,,,,,,,,,,,
N-TO,355,Honolulu Air,,,,,,,,,,,
N-TO,355,Honolulu Air,,,,,,,,,,,
N-TP,355,Honolulu Air,,,,,,,,,,,
N-TP,355,Honolulu Air,,,,,,,,,,,
N-TQ,355,Honolulu Air,,,,,,,,,,,
N-TQ,393,Honolulu Air,,,,,,,,,,,
N-TQ,393,Honolulu Air,,,,,,,,,,,
N-TR,393,Honolulu Air,,,,,,,,,,,
N-TR,393,Honolulu Air,,,,,,,,,,,
N-TR,393,Honolulu Air,,,,,,,,,,,
N-TU,393,Honolulu Air,,,,,,,,,,,
N-TU,393,Honolulu Air,,,,,,,,,,,
N-TU,393,Honolulu Air,,,,,,,,,,,
N-TV,393,Honolulu Air,,,,,,,,,,,
N-TX,393,Honolulu Air,,,,,,,,,,,
N-TX,393,Honolulu Air,,,,,,,,,,,
N-TY,393,Honolulu Air,,,,,,,,,,,
N-TY,393,Honolulu Air,,,,,,,,,,,
N-TZ,393,Honolulu Air,,,,,,,,,,,
N-TZ,393,Honolulu Air,,,,,,,,,,,
N-UA,393,Honolulu Air,,,,,,,,,,,
N-UB,393,Honolulu Air,,,,,,,,,,,
N-UD,393,Honolulu Air,,,,,,,,,,,
N-UF,393,Honolulu Air,,,,,,,,,,,
N-UI,393,Honolulu Air,,,,,,,,,,,
N-UI,393,Honolulu Air,,,,,,,,,,,
N-UJ,393,Honolulu Air,,,,,,,,,,,
N-UJ,393,Honolulu Air,,,,,,,,,,,
N-UK,393,Honolulu Air,,,,,,,,,,,
N-UK,393,Honolulu Air,,,,,,,,,,,
N-UL,393,Honolulu Air,,,,,,,,,,,
N-UM,393,Honolulu Air,,,,,,,,,,,
N-UM,393,Honolulu Air,,,,,,,,,,,
N-UM,393,Honolulu Air,,,,,,,,,,,
N-UM,393,Honolulu Air,,,,,,,,,,,
N-UN,393,Honolulu Air,,,,,,,,,,,
N-UN,393,Honolulu Air,,,,,,,,,,,
N-UO,393,Honolulu Air,,,,,,,,,,,
N-UP,393,Honolulu Air,,,,,,,,,,,
N-UP,393,Honolulu Air,,,,,,,,,,,
N-UP,393,Honolulu Air,,,,,,,,,,,
N-UP,393,Honolulu Air,,,,,,,,,,,
N-UQ,393,Honolulu Air,,,,,,,,,,,
N-UR,393,Honolulu Air,,,,,,,,,,,
N-US,393,Honolulu Air,,,,,,,,,,,
N-US,393,Honolulu Air,,,,,,,,,,,
N-UT,393,Honolulu Air,,,,,,,,,,,
N-UU,393,Honolulu Air,,,,,,,,,,,
N-UU,393,Honolulu Air,,,,,,,,,,,
N-UU,393,Honolulu Air,,,,,,,,,,,
N-UV,393,Honolulu Air,,,,,,,,,,,
N-UV,393,Honolulu Air,,,,,,,,,,,
N-UZ,393,Honolulu Air,,,,,,,,,,,
N-VB,393,Honolulu Air,,,,,,,,,,,
N-VB,393,Honolulu Air,,,,,,,,,,,
N-VD,393,Honolulu Air,,,,,,,,,,,
N-VD,393,Honolulu Air,,,,,,,,,,,
N-VD,393,Honolulu Air,,,,,,,,,,,
N-VF,393,Honolulu Air,,,,,,,,,,,
N-VF,393,Honolulu Air,,,,,,,,,,,
N-VI,393,Honolulu Air,,,,,,,,,,,
N-VJ,393,Honolulu Air,,,,,,,,,,,
N-VJ,393,Honolulu Air,,,,,,,,,,,
N-VJ,393,Honolulu Air,,,,,,,,,,,
N-VK,393,Honolulu Air,,,,,,,,,,,
N-VK,393,Honolulu Air,,,,,,,,,,,
N-VL,393,Honolulu Air,,,,,,,,,,,
N-VL,393,Honolulu Air,,,,,,,,,,,
N-VL,393,Honolulu Air,,,,,,,,,,,
N-VM,393,Honolulu Air,,,,,,,,,,,
N-VM,355,Honolulu Air,,,,,,,,,,,
N-VN,355,Honolulu Air,,,,,,,,,,,
N-VN,355,Honolulu Air,,,,,,,,,,,
N-VN,355,Honolulu Air,,,,,,,,,,,
N-VO,355,Honolulu Air,,,,,,,,,,,
N-VO,355,Honolulu Air,,,,,,,,,,,
N-VO,355,Honolulu Air,,,,,,,,,,,
N-VO,355,Honolulu Air,,,,,,,,,,,
N-VP,355,Honolulu Air,,,,,,,,,,,
N-VP,355,Honolulu Air,,,,,,,,,,,
N-VQ,355,Honolulu Air,,,,,,,,,,,
N-VQ,355,Honolulu Air,,,,,,,,,,,
N-VQ,355,Honolulu Air,,,,,,,,,,,
N-VQ,355,Honolulu Air,,,,,,,,,,,
N-VR,355,Honolulu Air,,,,,,,,,,,
N-VR,355,Honolulu Air,,,,,,,,,,,
N-VR,355,Honolulu Air,,,,,,,,,,,
N-VS,355,Honolulu Air,,,,,,,,,,,
N-VT,355,Honolulu Air,,,,,,,,,,,
N-VT,355,Honolulu Air,,,,,,,,,,,
N-VT,355,Honolulu Air,,,,,,,,,,,
N-VT,355,Honolulu Air,,,,,,,,,,,
N-VU,355,Honolulu Air,,,,,,,,,,,
N-VV,393,Honolulu Air,,,,,,,,,,,
N-VX,355,Honolulu Air,,,,,,,,,,,
N-VX,355,Honolulu Air,,,,,,,,,,,
N-VX,355,Honolulu Air,,,,,,,,,,,
N-VX,355,Honolulu Air,,,,,,,,,,,
N-VY,355,Honolulu Air,,,,,,,,,,,
N-VZ,355,Honolulu Air,,,,,,,,,,,
N-VZ,355,Honolulu Air,,,,,,,,,,,
N-WA,355,Honolulu Air,,,,,,,,,,,
N-WA,355,Honolulu Air,,,,,,,,,,,
N-WB,355,Honolulu Air,,,,,,,,,,,
N-WB,355,Honolulu Air,,,,,,,,,,,
N-WB,355,Honolulu Air,,,,,,,,,,,
N-WC,355,Honolulu Air,,,,,,,,,,,
N-WE,355,Honolulu Air,,,,,,,,,,,
N-WF,355,Honolulu Air,,,,,,,,,,,
N-WG,355,Honolulu Air,,,,,,,,,,,
N-WG,355,Honolulu Air,,,,,,,,,,,
N-WI,355,Honolulu Air,,,,,,,,,,,
N-WI,355,Honolulu Air,,,,,,,,,,,
N-WI,355,Honolulu Air,,,,,,,,,,,
N-WK,355,Honolulu Air,,,,,,,,,,,
N-WL,355,Honolulu Air,,,,,,,,,,,
N-WM,355,Honolulu Air,,,,,,,,,,,
